{"cameraMode":{"drawMode":0,"name":"Shaded","section":"Shading Mode"},"sceneLighting":false,"audioPlay":false,"sceneViewState":{"m_AlwaysRefresh":false,"showFog":true,"showSkybox":false,"showFlares":true,"showImageEffects":true,"showParticleSystems":true,"showVisualEffectGraphs":true,"m_FxEnabled":true},"in2DMode":false,"pivot":{"x":-44.823638916015628,"y":4.410288333892822,"z":17.542009353637697},"rotation":{"x":0.03636961057782173,"y":-0.6998034119606018,"z":0.035721100866794589,"w":0.7125158309936523},"size":1.7267482280731202,"orthographic":true}