{"cameraMode":{"drawMode":0,"name":"Shaded","section":"Shading Mode"},"sceneLighting":false,"audioPlay":false,"sceneViewState":{"m_AlwaysRefresh":false,"showFog":true,"showSkybox":false,"showFlares":true,"showImageEffects":true,"showParticleSystems":true,"showVisualEffectGraphs":true,"m_FxEnabled":true},"in2DMode":false,"pivot":{"x":-45.134742736816409,"y":4.241089820861816,"z":12.484368324279786},"rotation":{"x":-0.0015111427055671812,"y":0.9983536005020142,"z":-0.04795783385634422,"w":-0.03145827353000641},"size":5.149178981781006,"orthographic":false}